{
  "byPage": {
    "home": {
      "durationMs": {
        "count": 66,
        "avg": 26336.121212121212,
        "p50": 31462,
        "p90": 40733,
        "p95": 42787,
        "min": 1707,
        "max": 51306
      },
      "ttfbMs": {
        "count": 66,
        "avg": 3159.6348484862933,
        "p50": 1485.8000000715256,
        "p90": 7281.900000095367,
        "p95": 9830.799999952316,
        "min": 361.89999997615814,
        "max": 20636.799999952316
      },
      "domContentLoadedMs": {
        "count": 66,
        "avg": 3386.769696972587,
        "p50": 1657.2000000476837,
        "p90": 7839.199999928474,
        "p95": 11337.299999952316,
        "min": 0,
        "max": 20872.5
      },
      "loadEventEndMs": {
        "count": 66,
        "avg": 9345.512121216818,
        "p50": 6980.300000071526,
        "p90": 21544,
        "p95": 24283.600000023842,
        "min": 0,
        "max": 31554.200000047684
      }
    },
    "search": {
      "durationMs": {
        "count": 26,
        "avg": 45325.46153846154,
        "p50": 31070,
        "p90": 130786,
        "p95": 130824,
        "min": 917,
        "max": 131584
      },
      "ttfbMs": {
        "count": 26,
        "avg": 2302.626923084259,
        "p50": 1301,
        "p90": 6132.400000095367,
        "p95": 6329.399999976158,
        "min": 109.80000007152557,
        "max": 14160
      },
      "domContentLoadedMs": {
        "count": 26,
        "avg": 4030.246153849822,
        "p50": 1743.6000000238419,
        "p90": 12489.800000071526,
        "p95": 14172.099999904633,
        "min": 115.89999997615814,
        "max": 30431.700000047684
      },
      "loadEventEndMs": {
        "count": 26,
        "avg": 13955.896153858075,
        "p50": 1866,
        "p90": 43820.300000071526,
        "p95": 65245.40000009537,
        "min": 144.70000004768372,
        "max": 78628.20000004768
      }
    },
    "favourites": {
      "durationMs": {
        "count": 15,
        "avg": 126904.66666666667,
        "p50": 127762,
        "p90": 213458,
        "p95": 286107,
        "min": 30148,
        "max": 286107
      },
      "ttfbMs": {
        "count": 15,
        "avg": 1904.4266666730246,
        "p50": 1669.6000000238419,
        "p90": 3227.6999999284744,
        "p95": 6442.299999952316,
        "min": 124.70000004768372,
        "max": 6442.299999952316
      },
      "domContentLoadedMs": {
        "count": 15,
        "avg": 6839.460000006357,
        "p50": 5385.100000023842,
        "p90": 19039.5,
        "p95": 25052.299999952316,
        "min": 0,
        "max": 25052.299999952316
      },
      "loadEventEndMs": {
        "count": 15,
        "avg": 39169.35333332221,
        "p50": 26083.200000047684,
        "p90": 93883.60000002384,
        "p95": 111064.39999997616,
        "min": 0,
        "max": 111064.39999997616
      }
    },
    "my-shifts": {
      "durationMs": {
        "count": 15,
        "avg": 76060.13333333333,
        "p50": 74628,
        "p90": 170317,
        "p95": 170382,
        "min": 11020,
        "max": 170382
      },
      "ttfbMs": {
        "count": 15,
        "avg": 777.8533333301544,
        "p50": 729.6000000238419,
        "p90": 1379.2000000476837,
        "p95": 1434.1999999284744,
        "min": 23.199999928474426,
        "max": 1434.1999999284744
      },
      "domContentLoadedMs": {
        "count": 15,
        "avg": 4345.859999998411,
        "p50": 4537.399999976158,
        "p90": 7407.700000047684,
        "p95": 8588.199999928474,
        "min": 1111.8999999761581,
        "max": 8588.199999928474
      },
      "loadEventEndMs": {
        "count": 15,
        "avg": 33325.33333331744,
        "p50": 33483,
        "p90": 63938.799999952316,
        "p95": 102053,
        "min": 0,
        "max": 102053
      }
    },
    "profile": {
      "durationMs": {
        "count": 23,
        "avg": 42919.17391304348,
        "p50": 30583,
        "p90": 61093,
        "p95": 198569,
        "min": 3601,
        "max": 213160
      },
      "ttfbMs": {
        "count": 23,
        "avg": 1315.9869565186293,
        "p50": 867.8999999761581,
        "p90": 1094.3000000715256,
        "p95": 1184.5,
        "min": 755.9000000953674,
        "max": 10764.100000023842
      },
      "domContentLoadedMs": {
        "count": 23,
        "avg": 2072.8608695527782,
        "p50": 1531.8999999761581,
        "p90": 3341.4000000953674,
        "p95": 4511.599999904633,
        "min": 898.5,
        "max": 10927
      },
      "loadEventEndMs": {
        "count": 23,
        "avg": 7569.886956525886,
        "p50": 2123.100000023842,
        "p90": 33305,
        "p95": 33445.699999928474,
        "min": 0,
        "max": 33833.700000047684
      }
    }
  }
}